YEAR_,FIRE_NAME,min_RBR,max_RBR,mean_RBR,sd_RBR,area_ha
1995,COVINGTON,0,0.2601161060008605,0.09686489403247833,0.064327239990234375,66.15328152986791
2006,WHISPERING PINES,0,0.47247083150017605,0.19307257235050201,0.10286859422922134,66.15328152986791
0,Unburned,0,0.46722340489648023,0.2392004430294037,0.09647418558597565,21.002718470114424
