MapUnit_Name,n_pixels,min_RBR,max_RBR,mean_RBR,median_RBR,sd_RBR
Singleleaf Pinyon / Muller Oak Woodland Association,1794.3898239135742,0,0.44024477543913193,0.17677896916866304,0.17031833366679458,0.0860036700963974
Joshua Tree - California Juniper / Nevada Ephedra Woodland Association,715.142822265625,0,0.4703220086404204,0.27236226201057434,0.28550581495119204,0.0918547734618187
Muller Oak - California Buckwheat - Narrowleaf Goldenbush Shrubland Association,354.6747398376465,0,0.42488222708360257,0.15569031424820423,0.149989132741499,0.06874935515224934
California Juniper / Blackbush Woodland Association,189.44749081134796,0,0.47247083150017605,0.14709452788035074,0.14724123798327707,0.06290343031287193
Red Brome - Mediterranean Grass Semi-Natural Herbaceous Stands,114.45111846923828,0,0.2954396350841202,0.10171692818403244,0.0921208731307402,0.06933503597974777
Mojave Yucca - Blackbush Shrubland Association,49.758934020996094,0,0.40743943884568035,0.1493328958749771,0.12527757728829844,0.11182636022567749
Joshua Tree / Blackbush Woodland Association,10.135000228881836,0,0.4356721809143654,0.23505166172981262,0.23618648104407183,0.09998101741075516
